-- MySQL dump 10.13  Distrib 8.0.33, for Win64 (x86_64)
--
-- Host: 127.0.0.1    Database: jsb
-- ------------------------------------------------------
-- Server version	8.0.33

/*!40101 SET @OLD_CHARACTER_SET_CLIENT=@@CHARACTER_SET_CLIENT */;
/*!40101 SET @OLD_CHARACTER_SET_RESULTS=@@CHARACTER_SET_RESULTS */;
/*!40101 SET @OLD_COLLATION_CONNECTION=@@COLLATION_CONNECTION */;
/*!50503 SET NAMES utf8 */;
/*!40103 SET @OLD_TIME_ZONE=@@TIME_ZONE */;
/*!40103 SET TIME_ZONE='+00:00' */;
/*!40014 SET @OLD_UNIQUE_CHECKS=@@UNIQUE_CHECKS, UNIQUE_CHECKS=0 */;
/*!40014 SET @OLD_FOREIGN_KEY_CHECKS=@@FOREIGN_KEY_CHECKS, FOREIGN_KEY_CHECKS=0 */;
/*!40101 SET @OLD_SQL_MODE=@@SQL_MODE, SQL_MODE='NO_AUTO_VALUE_ON_ZERO' */;
/*!40111 SET @OLD_SQL_NOTES=@@SQL_NOTES, SQL_NOTES=0 */;

--
-- Table structure for table `accounts`
--

DROP TABLE IF EXISTS `accounts`;
/*!40101 SET @saved_cs_client     = @@character_set_client */;
/*!50503 SET character_set_client = utf8mb4 */;
CREATE TABLE `accounts` (
  `id` int NOT NULL AUTO_INCREMENT,
  `username` varchar(255) DEFAULT NULL,
  `password` varchar(255) NOT NULL,
  `email` varchar(255) DEFAULT NULL,
  `is_active` int NOT NULL,
  `groups` varchar(255) DEFAULT '.',
  PRIMARY KEY (`id`),
  UNIQUE KEY `username_UNIQUE` (`username`),
  UNIQUE KEY `email_UNIQUE` (`email`)
) ENGINE=InnoDB AUTO_INCREMENT=46 DEFAULT CHARSET=utf8mb3;
/*!40101 SET character_set_client = @saved_cs_client */;

--
-- Dumping data for table `accounts`
--

LOCK TABLES `accounts` WRITE;
/*!40000 ALTER TABLE `accounts` DISABLE KEYS */;
INSERT INTO `accounts` VALUES (1,'test','$2a$10$b4mnJZk4kYmV1ml5icICle1gdWHcHj359Hh/xs8tz6DDUrXCsBamu','test2@gmail.com',1,'.admin.'),(6,'bob','$2a$10$CW99iRD1WQDvVNpAD7rSpuRSrdQIzqcAhLF.656ZnawQLbl.yGipm','bob@test.com',1,'.admin.ProjectManager.ProjectLead.dev.'),(10,'jen','$2a$10$VKjSzdUWgonhRtzNeIBy0uy2v8oe5N96CP1dKKMfYu0ajiZG2gBu6','jen@gmail.com',1,'.'),(12,'jan','$2a$10$z1aQgVD9F2znrpooUcxKaO6hAUZStOex7EXcuqdZKY9hJkgdg2RGO','jan@gmail.com',0,'.'),(22,'spiderman','$2a$10$4540JRDFIZVvw9EC0MBQOe32FInl2S5lY2/3biaPNxMYc5g5Fdl.q','',0,'.'),(23,'user','$2a$10$1.UL.FKoVPGwEJNrSMkBBuG9uioCnkA0YzYmB9mkW8/v8RHObcMxy','user12@gmail.com',0,'.dev.admin.'),(28,'admin','$2a$10$u1f.Zqs57uQFV39dO5a8T.clzOHhkzv4PHJAb2MG5VArxZs0jMGfm','admin@test.com',1,'.admin.'),(29,'dev1','$2a$10$.xijQq4Kvxv50W/nvL4vheiRkC2hhDJSrmLqfo85tbhkYuEJ2FtI6',NULL,1,'.dev.'),(43,'userhello','$2a$10$bTh0ljjNfFFLC0XxTKS7UuUZoFVMWlK6y6ECCwowZimTDfSWZCLSG',NULL,1,'.'),(44,'pl','$2a$10$MJy33xGW4M7jKDnHAugFdeISD25j.O055Ks5/i32a48TwR7p4/tgG',NULL,1,'.ProjectLead.'),(45,'pm','$2a$10$qDt7DTuRg66ebxYIDKBzNOJ3wEH8O2nAoNr9Qzk7ZbccxpPy76J6S',NULL,1,'.ProjectManager.');
/*!40000 ALTER TABLE `accounts` ENABLE KEYS */;
UNLOCK TABLES;

--
-- Table structure for table `application`
--

DROP TABLE IF EXISTS `application`;
/*!40101 SET @saved_cs_client     = @@character_set_client */;
/*!50503 SET character_set_client = utf8mb4 */;
CREATE TABLE `application` (
  `app_acronym` varchar(65) NOT NULL,
  `app_description` longtext NOT NULL,
  `app_rnumber` int unsigned NOT NULL,
  `app_start_date` varchar(65) DEFAULT NULL,
  `app_end_date` varchar(65) DEFAULT NULL,
  `app_permit_open` varchar(65) DEFAULT NULL,
  `app_permit_todolist` varchar(65) DEFAULT NULL,
  `app_permit_doing` varchar(65) DEFAULT NULL,
  `app_permit_done` varchar(65) DEFAULT NULL,
  `app_permit_create` varchar(45) DEFAULT NULL,
  PRIMARY KEY (`app_acronym`),
  UNIQUE KEY `App_Acronym_UNIQUE` (`app_acronym`)
) ENGINE=InnoDB DEFAULT CHARSET=utf8mb3;
/*!40101 SET character_set_client = @saved_cs_client */;

--
-- Dumping data for table `application`
--

LOCK TABLES `application` WRITE;
/*!40000 ALTER TABLE `application` DISABLE KEYS */;
INSERT INTO `application` VALUES ('abc','abc123',51,'2023-08-25','2023-09-20','ProjectLead','dev','dev','ProjectManager','ProjectLead'),('avengers','Ths is the avengers tower',3,NULL,NULL,'ProjectManager','dev','dev','ProjectLead','ProjectLead'),('def','abc123',9,NULL,NULL,NULL,NULL,NULL,NULL,NULL),('lollipop','chupa chups',1,'2023-08-06','2023-08-12',NULL,NULL,NULL,NULL,NULL),('strawberry shortcake','delicious cheese cake',8,NULL,NULL,NULL,NULL,NULL,NULL,NULL),('tester68','abc123',1,NULL,NULL,NULL,NULL,NULL,NULL,NULL),('zoo','just a desc',13,NULL,NULL,'ProjectManager','dev','dev','ProjectLead','ProjectLead');
/*!40000 ALTER TABLE `application` ENABLE KEYS */;
UNLOCK TABLES;

--
-- Table structure for table `groups`
--

DROP TABLE IF EXISTS `groups`;
/*!40101 SET @saved_cs_client     = @@character_set_client */;
/*!50503 SET character_set_client = utf8mb4 */;
CREATE TABLE `groups` (
  `group_name` varchar(255) NOT NULL,
  UNIQUE KEY `groupName_UNIQUE` (`group_name`)
) ENGINE=InnoDB DEFAULT CHARSET=utf8mb3;
/*!40101 SET character_set_client = @saved_cs_client */;

--
-- Dumping data for table `groups`
--

LOCK TABLES `groups` WRITE;
/*!40000 ALTER TABLE `groups` DISABLE KEYS */;
INSERT INTO `groups` VALUES ('admin'),('dev'),('ProjectLead'),('ProjectManager'),('tester');
/*!40000 ALTER TABLE `groups` ENABLE KEYS */;
UNLOCK TABLES;

--
-- Table structure for table `plan`
--

DROP TABLE IF EXISTS `plan`;
/*!40101 SET @saved_cs_client     = @@character_set_client */;
/*!50503 SET character_set_client = utf8mb4 */;
CREATE TABLE `plan` (
  `plan_mvp_name` varchar(65) NOT NULL,
  `plan_start_date` varchar(65) DEFAULT NULL,
  `plan_end_date` varchar(65) DEFAULT NULL,
  `plan_app_acronym` varchar(65) NOT NULL,
  `plan_color` varchar(45) DEFAULT NULL,
  PRIMARY KEY (`plan_mvp_name`),
  UNIQUE KEY `Plan_MVP_name_UNIQUE` (`plan_mvp_name`)
) ENGINE=InnoDB DEFAULT CHARSET=utf8mb3;
/*!40101 SET character_set_client = @saved_cs_client */;

--
-- Dumping data for table `plan`
--

LOCK TABLES `plan` WRITE;
/*!40000 ALTER TABLE `plan` DISABLE KEYS */;
INSERT INTO `plan` VALUES ('Avengers stage 1','2025-05-08','2025-05-12','avengers','#234ae7'),('bananas','2023-08-06','2023-08-20','abc','#fff700'),('blackberries','2023-07-30','2023-08-13','abc','#8300b3'),('new new plan',NULL,NULL,'abc','#ff8670'),('no color',NULL,NULL,'abc','#000000'),('oranges','2023-08-01','2023-08-05','abc','#ffb700'),('pears','2023-08-02','2023-08-10','abc','#80ff00'),('plan just for america','2023-08-06','2023-08-30','avengers','#d35a5a'),('popping',NULL,NULL,'9','#000000'),('qwerty','2023-07-30','2023-08-10','abc','#c800ff'),('sprint 1',NULL,NULL,'zoo','#ff6666'),('sprint 2',NULL,NULL,'zoo','#04ff00'),('strawberries','2023-08-10','2023-08-20','abc','#ff007b');
/*!40000 ALTER TABLE `plan` ENABLE KEYS */;
UNLOCK TABLES;

--
-- Table structure for table `task`
--

DROP TABLE IF EXISTS `task`;
/*!40101 SET @saved_cs_client     = @@character_set_client */;
/*!50503 SET character_set_client = utf8mb4 */;
CREATE TABLE `task` (
  `task_id` varchar(65) NOT NULL,
  `task_name` varchar(65) NOT NULL,
  `task_description` longtext NOT NULL,
  `task_notes` longtext,
  `task_plan` varchar(65) DEFAULT NULL,
  `task_app_acronym` varchar(65) NOT NULL,
  `task_state` varchar(65) NOT NULL DEFAULT 'Open',
  `task_creator` varchar(65) NOT NULL,
  `task_owner` varchar(65) NOT NULL,
  `task_create_date` date NOT NULL,
  PRIMARY KEY (`task_id`),
  UNIQUE KEY `Task_id_UNIQUE` (`task_id`)
) ENGINE=InnoDB DEFAULT CHARSET=utf8mb3;
/*!40101 SET character_set_client = @saved_cs_client */;

--
-- Dumping data for table `task`
--

LOCK TABLES `task` WRITE;
/*!40000 ALTER TABLE `task` DISABLE KEYS */;
INSERT INTO `task` VALUES ('abc_11','popcorn','eat popcorn','[{\"username\":\"bob\",\"currentstate\":\"Open\",\"datetime\":\"31/07/2023, 14:19:30\",\"notes\":\"kettle corn flavour popcorn\"},{\"username\":\"bob\",\"currentstate\":\"Open\",\"datetime\":\"01/08/2023, 14:56:20\",\"notes\":\"Task promoted from Open to To Do.\"},{\"username\":\"bob\",\"currentstate\":\"To Do\",\"datetime\":\"02/08/2023, 11:22:27\",\"notes\":\"Plan sprinting removed.\\nTask promoted from To Do to Doing.\"},{\"username\":\"bob\",\"currentstate\":\"Doing\",\"datetime\":\"02/08/2023, 11:22:34\",\"notes\":\"Task demoted from Doing to To Do\"},{\"username\":\"bob\",\"currentstate\":\"To Do\",\"datetime\":\"02/08/2023, 11:22:39\",\"notes\":\"Task promoted from To Do to Doing.\"},{\"username\":\"bob\",\"currentstate\":\"Doing\",\"datetime\":\"02/08/2023, 11:22:40\",\"notes\":\"Task promoted from Doing to Done.\"},{\"username\":\"bob\",\"currentstate\":\"Done\",\"datetime\":\"02/08/2023, 11:22:46\",\"notes\":\"Plan updated from  to oranges.\\nTask demoted from Done to Doing\"},{\"username\":\"bob\",\"currentstate\":\"Doing\",\"datetime\":\"03/08/2023, 14:55:13\",\"notes\":\"Plan oranges removed.\\nTask demoted from Doing to To Do\"},{\"username\":\"bob\",\"currentstate\":\"To Do\",\"datetime\":\"03/08/2023, 14:55:16\",\"notes\":\"Task promoted from To Do to Doing.\"},{\"username\":\"bob\",\"currentstate\":\"Doing\",\"datetime\":\"03/08/2023, 15:22:42\",\"notes\":\"Plan updated from  to blackberries.\"},{\"username\":\"bob\",\"currentstate\":\"Doing\",\"datetime\":\"03/08/2023, 16:36:29\",\"notes\":\"Task promoted from Doing to Done.\\n\"},{\"username\":\"bob\",\"currentstate\":\"Done\",\"datetime\":\"03/08/2023, 16:39:44\",\"notes\":\"Notes: lolipop\"},{\"username\":\"bob\",\"currentstate\":\"Done\",\"datetime\":\"03/08/2023, 16:44:34\",\"notes\":\"Task demoted from Done to Doing\\nNotes: yer\"},{\"username\":\"bob\",\"currentstate\":\"Doing\",\"datetime\":\"03/08/2023, 16:44:50\",\"notes\":\"Task promoted from Doing to Done.\\nNotes: promote la\"},{\"username\":\"bob\",\"currentstate\":\"Done\",\"datetime\":\"04/08/2023, 17:38:25\",\"notes\":\"Task demoted from Done to Doing\"},{\"username\":\"bob\",\"currentstate\":\"Doing\",\"datetime\":\"04/08/2023, 17:55:30\",\"notes\":\"Task promoted from Doing to Done.\"},{\"username\":\"bob\",\"currentstate\":\"Done\",\"datetime\":\"04/08/2023, 17:57:39\",\"notes\":\"Task demoted from Done to Doing\"},{\"username\":\"bob\",\"currentstate\":\"Doing\",\"datetime\":\"04/08/2023, 17:57:49\",\"notes\":\"Task promoted from Doing to Done.\"},{\"username\":\"bob\",\"currentstate\":\"Done\",\"datetime\":\"07/08/2023, 11:52:20\",\"notes\":\"Task demoted from Done to Doing\"},{\"username\":\"bob\",\"currentstate\":\"Doing\",\"datetime\":\"07/08/2023, 11:53:05\",\"notes\":\"Task promoted from Doing to Done.\"},{\"username\":\"bob\",\"currentstate\":\"Done\",\"datetime\":\"07/08/2023, 14:01:47\",\"notes\":\"Task demoted from Done to Doing\"},{\"username\":\"bob\",\"currentstate\":\"Doing\",\"datetime\":\"07/08/2023, 14:01:54\",\"notes\":\"Task promoted from Doing to Done.\"},{\"username\":\"bob\",\"currentstate\":\"Done\",\"datetime\":\"07/08/2023, 14:27:25\",\"notes\":\"Task demoted from Done to Doing\"},{\"username\":\"bob\",\"currentstate\":\"Doing\",\"datetime\":\"07/08/2023, 14:27:30\",\"notes\":\"Task promoted from Doing to Done.\"},{\"username\":\"bob\",\"currentstate\":\"Done\",\"datetime\":\"07/08/2023, 14:43:34\",\"notes\":\"Task demoted from Done to Doing\"},{\"username\":\"dev1\",\"currentstate\":\"Doing\",\"datetime\":\"08/08/2023, 08:48:02\",\"notes\":\"Task demoted from Doing to To Do\"},{\"username\":\"bob\",\"currentstate\":\"To Do\",\"datetime\":\"08/08/2023, 08:48:31\",\"notes\":\"Task promoted from To Do to Doing.\"},{\"username\":\"bob\",\"currentstate\":\"Doing\",\"datetime\":\"15/08/2023, 11:38:48\",\"notes\":\"Task promoted from Doing to Done.\\nNotes: GO!\"}]','blackberries','abc','Done','bob','bob','2023-07-31'),('abc_12','kiwi','fruit','[{\"username\":\"bob\",\"currentstate\":\"Open\",\"datetime\":\"31/07/2023, 14:24:14\",\"notes\":\"green color\"},{\"username\":\"bob\",\"currentstate\":\"Open\",\"datetime\":\"01/08/2023, 14:56:14\",\"notes\":\"Task promoted from Open to To Do.\"},{\"username\":\"bob\",\"currentstate\":\"To Do\",\"datetime\":\"01/08/2023, 14:56:17\",\"notes\":\"Task promoted from To Do to Doing.\"},{\"username\":\"bob\",\"currentstate\":\"Doing\",\"datetime\":\"02/08/2023, 11:23:43\",\"notes\":\"Plan updated from sprinting to oranges.\\nTask promoted from Doing to Done.\"},{\"username\":\"bob\",\"currentstate\":\"Done\",\"datetime\":\"02/08/2023, 11:23:49\",\"notes\":\"Plan updated from oranges to running.\"},{\"username\":\"bob\",\"currentstate\":\"Done\",\"datetime\":\"02/08/2023, 13:37:26\",\"notes\":\"Plan updated from running to pears.\"},{\"username\":\"bob\",\"currentstate\":\"Done\",\"datetime\":\"02/08/2023, 13:37:31\",\"notes\":\"Plan updated from pears to running.\"},{\"username\":\"bob\",\"currentstate\":\"Done\",\"datetime\":\"02/08/2023, 13:37:36\",\"notes\":\"Plan updated from running to sprinting.\"},{\"username\":\"bob\",\"currentstate\":\"Done\",\"datetime\":\"02/08/2023, 16:28:59\",\"notes\":\"Plan updated from null to pears.\"},{\"username\":\"bob\",\"currentstate\":\"Done\",\"datetime\":\"03/08/2023, 14:04:11\",\"notes\":\"Plan pears removed.\\nTask promoted from Done to Closed.\"},{\"username\":\"bob\",\"currentstate\":\"Done\",\"datetime\":\"03/08/2023, 14:55:20\",\"notes\":\"\"},{\"username\":\"bob\",\"currentstate\":\"Done\",\"datetime\":\"03/08/2023, 15:10:05\",\"notes\":\"\"},{\"username\":\"bob\",\"currentstate\":\"Done\",\"datetime\":\"03/08/2023, 16:27:12\",\"notes\":\"Plan null removed.\\nTask demoted from Done to Doing\"},{\"username\":\"bob\",\"currentstate\":\"Doing\",\"datetime\":\"03/08/2023, 16:28:55\",\"notes\":\"Plan null removed.\\nTask promoted from Doing to Done.\"},{\"username\":\"bob\",\"currentstate\":\"Done\",\"datetime\":\"03/08/2023, 16:29:20\",\"notes\":\"Task demoted from Done to Doing\"},{\"username\":\"bob\",\"currentstate\":\"Doing\",\"datetime\":\"03/08/2023, 16:31:06\",\"notes\":\"Task promoted from Doing to Done.\"},{\"username\":\"bob\",\"currentstate\":\"Done\",\"datetime\":\"03/08/2023, 16:31:20\",\"notes\":\"Plan updated from  to pears.\\nTask demoted from Done to Doing\"},{\"username\":\"bob\",\"currentstate\":\"Doing\",\"datetime\":\"03/08/2023, 16:35:45\",\"notes\":\"Task promoted from Doing to Done.\\n\"},{\"username\":\"bob\",\"currentstate\":\"Done\",\"datetime\":\"03/08/2023, 16:36:18\",\"notes\":\"Task demoted from Done to Doing\"},{\"username\":\"bob\",\"currentstate\":\"Doing\",\"datetime\":\"03/08/2023, 16:42:55\",\"notes\":\"Task promoted from Doing to Done.Notes: ded\"},{\"username\":\"bob\",\"currentstate\":\"Done\",\"datetime\":\"04/08/2023, 17:39:26\",\"notes\":\"Task demoted from Done to Doing\"},{\"username\":\"bob\",\"currentstate\":\"Doing\",\"datetime\":\"04/08/2023, 17:47:36\",\"notes\":\"Task promoted from Doing to Done.\"},{\"username\":\"bob\",\"currentstate\":\"Done\",\"datetime\":\"04/08/2023, 17:48:28\",\"notes\":\"Task demoted from Done to Doing\"},{\"username\":\"bob\",\"currentstate\":\"Doing\",\"datetime\":\"04/08/2023, 17:51:09\",\"notes\":\"Task promoted from Doing to Done.\"},{\"username\":\"bob\",\"currentstate\":\"Done\",\"datetime\":\"04/08/2023, 17:55:19\",\"notes\":\"Task demoted from Done to Doing\"},{\"username\":\"bob\",\"currentstate\":\"Doing\",\"datetime\":\"07/08/2023, 14:01:50\",\"notes\":\"Task promoted from Doing to Done.\"},{\"username\":\"bob\",\"currentstate\":\"Done\",\"datetime\":\"07/08/2023, 14:01:57\",\"notes\":\"Task demoted from Done to Doing\"},{\"username\":\"bob\",\"currentstate\":\"Doing\",\"datetime\":\"07/08/2023, 14:02:12\",\"notes\":\"Task promoted from Doing to Done.\"},{\"username\":\"bob\",\"currentstate\":\"Done\",\"datetime\":\"08/08/2023, 08:48:34\",\"notes\":\"Task promoted from Done to Closed.\"}]','pears','abc','Closed','bob','bob','2023-07-31'),('abc_13','blooberries','fruitty blueberries','[{\"username\":\"bob\",\"currentstate\":\"Open\",\"datetime\":\"03/08/2023, 15:20:54\",\"notes\":\"\"},{\"username\":\"bob\",\"currentstate\":\"Open\",\"datetime\":\"03/08/2023, 15:22:07\",\"notes\":\"\"},{\"username\":\"bob\",\"currentstate\":\"Open\",\"datetime\":\"03/08/2023, 15:22:22\",\"notes\":\"Plan updated from null to blackberries.\"},{\"username\":\"bob\",\"currentstate\":\"Open\",\"datetime\":\"03/08/2023, 15:22:25\",\"notes\":\"Task promoted from Open to To Do.\"},{\"username\":\"bob\",\"currentstate\":\"Open\",\"datetime\":\"03/08/2023, 16:59:44\",\"notes\":\"Plan updated from blackberries to pears.\"},{\"username\":\"bob\",\"currentstate\":\"Open\",\"datetime\":\"03/08/2023, 17:55:45\",\"notes\":\"Task promoted from Open to To Do.\"},{\"username\":\"bob\",\"currentstate\":\"To Do\",\"datetime\":\"03/08/2023, 17:56:38\",\"notes\":\"Task promoted from To Do to Doing.\"},{\"username\":\"bob\",\"currentstate\":\"Doing\",\"datetime\":\"04/08/2023, 17:48:58\",\"notes\":\"Task promoted from Doing to Done.\"},{\"username\":\"bob\",\"currentstate\":\"Done\",\"datetime\":\"04/08/2023, 17:49:43\",\"notes\":\"Task demoted from Done to Doing\"},{\"username\":\"bob\",\"currentstate\":\"Doing\",\"datetime\":\"04/08/2023, 17:51:43\",\"notes\":\"Task promoted from Doing to Done.\"},{\"username\":\"bob\",\"currentstate\":\"Done\",\"datetime\":\"04/08/2023, 17:56:27\",\"notes\":\"Task demoted from Done to Doing\"},{\"username\":\"bob\",\"currentstate\":\"Doing\",\"datetime\":\"04/08/2023, 17:56:35\",\"notes\":\"Task promoted from Doing to Done.\"},{\"username\":\"bob\",\"currentstate\":\"Done\",\"datetime\":\"07/08/2023, 11:52:41\",\"notes\":\"Task demoted from Done to Doing\"},{\"username\":\"bob\",\"currentstate\":\"Doing\",\"datetime\":\"07/08/2023, 11:53:07\",\"notes\":\"Task promoted from Doing to Done.\"},{\"username\":\"bob\",\"currentstate\":\"Done\",\"datetime\":\"07/08/2023, 11:53:11\",\"notes\":\"Task demoted from Done to Doing\"},{\"username\":\"bob\",\"currentstate\":\"Doing\",\"datetime\":\"07/08/2023, 14:34:59\",\"notes\":\"Notes: test note\"},{\"username\":\"bob\",\"currentstate\":\"Doing\",\"datetime\":\"07/08/2023, 14:43:38\",\"notes\":\"Task promoted from Doing to Done.\"},{\"username\":\"bob\",\"currentstate\":\"Done\",\"datetime\":\"07/08/2023, 14:43:43\",\"notes\":\"Notes: ervcrtefre\"}]','pears','abc','Done','bob','bob','2023-07-31'),('abc_15','done','so done with this pls','[{\"username\":\"bob\",\"currentstate\":\"Open\",\"datetime\":\"31/07/2023, 14:31:33\",\"notes\":\"pls clear the plan \"},{\"username\":\"bob\",\"currentstate\":\"Open\",\"datetime\":\"31/07/2023, 16:52:42\",\"notes\":\"Task promoted from Open to To Do.\\nNotes: gogoooooooooooo\"},{\"username\":\"bob\",\"currentstate\":\"To Do\",\"datetime\":\"01/08/2023, 14:37:21\",\"notes\":\"Task promoted from To Do to Doing.\\nNotes: test auto close on promote\"},{\"username\":\"bob\",\"currentstate\":\"Doing\",\"datetime\":\"01/08/2023, 14:37:35\",\"notes\":\"Task demoted from Doing to To Do\\nNotes: test auto close on demote\"},{\"username\":\"bob\",\"currentstate\":\"To Do\",\"datetime\":\"01/08/2023, 14:37:47\",\"notes\":\"Notes: auto close on update?\"},{\"username\":\"bob\",\"currentstate\":\"To Do\",\"datetime\":\"02/08/2023, 11:42:40\",\"notes\":\"Notes: gogo\"},{\"username\":\"bob\",\"currentstate\":\"Open\",\"datetime\":\"02/08/2023, 14:29:32\",\"notes\":\"Plan updated from null to pears.\"},{\"username\":\"bob\",\"currentstate\":\"Open\",\"datetime\":\"02/08/2023, 14:29:35\",\"notes\":\"Task promoted from Open to To Do.\"},{\"username\":\"bob\",\"currentstate\":\"To Do\",\"datetime\":\"03/08/2023, 16:31:26\",\"notes\":\"Task promoted from To Do to Doing.\"},{\"username\":\"bob\",\"currentstate\":\"Doing\",\"datetime\":\"03/08/2023, 16:31:35\",\"notes\":\"Task promoted from Doing to Done.\"},{\"username\":\"bob\",\"currentstate\":\"Done\",\"datetime\":\"03/08/2023, 16:31:48\",\"notes\":\"Plan updated from pears to no color.\\nTask demoted from Done to Doing\"},{\"username\":\"bob\",\"currentstate\":\"Doing\",\"datetime\":\"03/08/2023, 16:32:28\",\"notes\":\"Task promoted from Doing to Done.\\n\"},{\"username\":\"bob\",\"currentstate\":\"Done\",\"datetime\":\"03/08/2023, 16:32:44\",\"notes\":\"Notes: go\"},{\"username\":\"bob\",\"currentstate\":\"Done\",\"datetime\":\"03/08/2023, 16:32:59\",\"notes\":\"Plan updated from no color to strawberries.\\nTask demoted from Done to Doing\\n\"},{\"username\":\"bob\",\"currentstate\":\"Doing\",\"datetime\":\"03/08/2023, 16:33:11\",\"notes\":\"Notes: up\"},{\"username\":\"bob\",\"currentstate\":\"Doing\",\"datetime\":\"03/08/2023, 16:33:25\",\"notes\":\"Task promoted from Doing to Done.\\n\"},{\"username\":\"bob\",\"currentstate\":\"Done\",\"datetime\":\"03/08/2023, 16:35:30\",\"notes\":\"Task demoted from Done to Doing\"},{\"username\":\"bob\",\"currentstate\":\"Doing\",\"datetime\":\"03/08/2023, 16:41:43\",\"notes\":\"Task promoted from Doing to Done.\\n\"},{\"username\":\"bob\",\"currentstate\":\"Done\",\"datetime\":\"03/08/2023, 16:42:45\",\"notes\":\"Task demoted from Done to Doing\"},{\"username\":\"bob\",\"currentstate\":\"Open\",\"datetime\":\"04/08/2023, 14:02:41\",\"notes\":\"Plan updated from null to strawberries.\"},{\"username\":\"bob\",\"currentstate\":\"Open\",\"datetime\":\"04/08/2023, 14:03:09\",\"notes\":\"Plan updated from null to pears.\"},{\"username\":\"bob\",\"currentstate\":\"Open\",\"datetime\":\"04/08/2023, 14:04:04\",\"notes\":\"Plan updated from null to bananas.\"},{\"username\":\"bob\",\"currentstate\":\"Open\",\"datetime\":\"04/08/2023, 14:05:07\",\"notes\":\"Plan updated from null to tortillas.\"},{\"username\":\"bob\",\"currentstate\":\"Open\",\"datetime\":\"04/08/2023, 14:07:02\",\"notes\":\"Plan updated from tortillas to null.\"},{\"username\":\"bob\",\"currentstate\":\"Open\",\"datetime\":\"04/08/2023, 14:20:00\",\"notes\":\"Plan updated from null to strawberries.\"},{\"username\":\"bob\",\"currentstate\":\"Open\",\"datetime\":\"04/08/2023, 14:20:59\",\"notes\":\"Plan updated from strawberries to oranges.\\nNotes: mai la \"},{\"username\":\"bob\",\"currentstate\":\"Open\",\"datetime\":\"08/08/2023, 08:48:23\",\"notes\":\"Task promoted from Open to To Do.\"},{\"username\":\"bob\",\"currentstate\":\"To Do\",\"datetime\":\"08/08/2023, 08:48:26\",\"notes\":\"Task promoted from To Do to Doing.\"},{\"username\":\"bob\",\"currentstate\":\"Doing\",\"datetime\":\"08/08/2023, 08:48:38\",\"notes\":\"Task promoted from Doing to Done.\"}]','oranges','abc','Done','bob','bob','2023-07-31'),('abc_16','eat ice cream','chocolate chip','[[],{\"username\":\"bob\",\"currentstate\":\"Open\",\"datetime\":\"01/08/2023, 14:47:52\",\"notes\":\"Notes: why liddis\"},{\"username\":\"bob\",\"currentstate\":\"Open\",\"datetime\":\"01/08/2023, 14:56:23\",\"notes\":\"Task promoted from Open to To Do.\"},{\"username\":\"bob\",\"currentstate\":\"To Do\",\"datetime\":\"01/08/2023, 14:56:25\",\"notes\":\"Task promoted from To Do to Doing.\"},{\"username\":\"bob\",\"currentstate\":\"Doing\",\"datetime\":\"01/08/2023, 14:56:28\",\"notes\":\"Task promoted from Doing to Done.\"},{\"username\":\"bob\",\"currentstate\":\"Done\",\"datetime\":\"02/08/2023, 10:31:02\",\"notes\":\"Plan null removed.\\nTask promoted from Done to Closed.\"}]','','abc','Closed','bob','bob','2023-08-01'),('abc_24','fix errors','bugs very annoying','[{\"username\":\"bob\",\"currentstate\":\"Open\",\"datetime\":\"03/08/2023, 16:45:33\",\"notes\":\"Notes: when den can finish debugging sia\"},{\"username\":\"bob\",\"currentstate\":\"Open\",\"datetime\":\"03/08/2023, 16:45:49\",\"notes\":\"update notes nia \\n\"},{\"username\":\"bob\",\"currentstate\":\"Open\",\"datetime\":\"03/08/2023, 16:46:28\",\"notes\":\"Notes: notes only\"},{\"username\":\"bob\",\"currentstate\":\"Open\",\"datetime\":\"03/08/2023, 16:46:41\",\"notes\":\"Task promoted from Open to To Do.\\nNotes: promote with note no plan change\"},{\"username\":\"bob\",\"currentstate\":\"To Do\",\"datetime\":\"03/08/2023, 16:46:56\",\"notes\":\"Notes: wat\"},{\"username\":\"bob\",\"currentstate\":\"To Do\",\"datetime\":\"03/08/2023, 16:47:01\",\"notes\":\"Task promoted from To Do to Doing.\"},{\"username\":\"bob\",\"currentstate\":\"Open\",\"datetime\":\"03/08/2023, 16:59:35\",\"notes\":\"Task promoted from Open to To Do.\"},{\"username\":\"dev1\",\"currentstate\":\"To Do\",\"datetime\":\"08/08/2023, 08:47:57\",\"notes\":\"Task promoted from To Do to Doing.\"},{\"username\":\"bob\",\"currentstate\":\"Doing\",\"datetime\":\"08/08/2023, 08:48:28\",\"notes\":\"Task demoted from Doing to To Do\"}]','blackberries','abc','toDoList','bob','bob','2023-08-03'),('abc_28','strawberries','yep','[]','strawberries','abc','Open','bob','bob','2023-08-08'),('abc_29','asdasd','asdasd','[]',NULL,'abc','Open','bob','bob','2023-08-08'),('abc_30','wwwww','test 1 2 3','[]',NULL,'abc','Open','bob','bob','2023-08-14'),('abc_31','task123','test 1 2 3','[]','pears','abc','Open','bob','bob','2023-08-14'),('abc_32','task123','test 1 2 3','[]','pears','abc','Open','bob','bob','2023-08-14'),('abc_33','ppp','test 1 2 3','[]',NULL,'abc','Open','bob','bob','2023-08-15'),('abc_34','ppp','test 1 2 3','[]',NULL,'abc','Open','bob','bob','2023-08-15'),('abc_35','ppp','test 1 2 3','[]',NULL,'abc','Open','bob','bob','2023-08-15'),('abc_36','ppp','test 1 2 3','[]',NULL,'abc','Open','bob','bob','2023-08-15'),('abc_37','www','test 1 2 3','[]',NULL,'abc','Open','bob','bob','2023-08-15'),('abc_38','www','test 1 2 3','[]',NULL,'abc','Open','bob','bob','2023-08-15'),('abc_39','www','test 1 2 3','[]',NULL,'abc','Open','bob','bob','2023-08-15'),('abc_40','www','test 1 2 3','[]',NULL,'abc','Open','bob','bob','2023-08-15'),('abc_41','this is a silly taskname.','test 1 2 3','[]',NULL,'abc','Open','bob','bob','2023-08-15'),('abc_42','this is a silly taskname.','test 1 2 3','[{\"username\":\"bob\",\"currentstate\":\"Open\",\"datetime\":\"15/08/2023, 11:35:59\",\"notes\":\"Notes: undefined\"}]',NULL,'abc','Open','bob','bob','2023-08-15'),('abc_43','this is a silly taskname.','test 1 2 3','[]',NULL,'abc','Open','bob','bob','2023-08-15'),('abc_44','this is a silly taskname.','test 1 2 3','[]',NULL,'abc','Open','bob','bob','2023-08-18'),('abc_45','this is a silly taskname.','test 1 2 3','[]',NULL,'abc','Open','bob','bob','2023-08-18'),('abc_46','this is a silly taskname.','test 1 2 3','[]',NULL,'abc','Open','bob','bob','2023-08-18'),('abc_47','this is a silly taskname.','test 1 2 3','[]',NULL,'abc','Open','bob','bob','2023-08-18'),('abc_48','this is a silly taskname.','test 1 2 3','[]',NULL,'abc','Open','bob','bob','2023-08-21'),('abc_49','this is a silly taskname.','test 1 2 3','[]',NULL,'abc','Open','bob','bob','2023-08-21'),('abc_50','this is a silly taskname.','test 1 2 3','[]',NULL,'abc','Open','bob','bob','2023-08-21'),('abc_8','eat dessert','dessert consists of ice cream and ice cream only.','[{\"username\":\"bob\",\"currentstate\":\"Open\",\"datetime\":\"03/08/2023, 15:16:16\",\"notes\":\"\"},{\"username\":\"bob\",\"currentstate\":\"Open\",\"datetime\":\"03/08/2023, 15:19:17\",\"notes\":\"Plan updated from null to bananas.\"},{\"username\":\"bob\",\"currentstate\":\"Open\",\"datetime\":\"03/08/2023, 15:27:14\",\"notes\":\"\"},{\"username\":\"bob\",\"currentstate\":\"Open\",\"datetime\":\"03/08/2023, 15:29:34\",\"notes\":\"Plan updated from null to bananas.\"},{\"username\":\"bob\",\"currentstate\":\"Open\",\"datetime\":\"03/08/2023, 15:29:43\",\"notes\":\"\"},{\"username\":\"bob\",\"currentstate\":\"Open\",\"datetime\":\"03/08/2023, 15:37:29\",\"notes\":\"Plan updated from null to bananas.\"},{\"username\":\"bob\",\"currentstate\":\"Open\",\"datetime\":\"03/08/2023, 15:37:36\",\"notes\":\"\"},{\"username\":\"bob\",\"currentstate\":\"Open\",\"datetime\":\"03/08/2023, 15:40:07\",\"notes\":\"Plan updated from null to oranges.\"},{\"username\":\"bob\",\"currentstate\":\"Open\",\"datetime\":\"03/08/2023, 15:40:14\",\"notes\":\"\"},{\"username\":\"bob\",\"currentstate\":\"Open\",\"datetime\":\"03/08/2023, 15:40:39\",\"notes\":\"Plan updated from null to bananas.\"},{\"username\":\"bob\",\"currentstate\":\"Open\",\"datetime\":\"03/08/2023, 15:40:49\",\"notes\":\"\"},{\"username\":\"bob\",\"currentstate\":\"Open\",\"datetime\":\"03/08/2023, 15:41:11\",\"notes\":\"Plan updated from null to blackberries.\"},{\"username\":\"bob\",\"currentstate\":\"Open\",\"datetime\":\"03/08/2023, 15:42:36\",\"notes\":\"\"},{\"username\":\"bob\",\"currentstate\":\"Open\",\"datetime\":\"03/08/2023, 15:45:46\",\"notes\":\"\"},{\"username\":\"bob\",\"currentstate\":\"Open\",\"datetime\":\"03/08/2023, 15:47:07\",\"notes\":\"\"},{\"username\":\"bob\",\"currentstate\":\"Open\",\"datetime\":\"03/08/2023, 15:47:35\",\"notes\":\"\"},{\"username\":\"bob\",\"currentstate\":\"Open\",\"datetime\":\"03/08/2023, 15:48:17\",\"notes\":\"\"},{\"username\":\"bob\",\"currentstate\":\"Open\",\"datetime\":\"03/08/2023, 15:50:26\",\"notes\":\"\"},{\"username\":\"bob\",\"currentstate\":\"Open\",\"datetime\":\"03/08/2023, 15:58:18\",\"notes\":\"Notes: asd\"},{\"username\":\"bob\",\"currentstate\":\"Open\",\"datetime\":\"03/08/2023, 16:24:50\",\"notes\":\"Plan updated from blackberries to bananas.\"},{\"username\":\"bob\",\"currentstate\":\"Open\",\"datetime\":\"03/08/2023, 16:26:33\",\"notes\":\"Plan updated from bananas to pears.\"},{\"username\":\"bob\",\"currentstate\":\"Open\",\"datetime\":\"03/08/2023, 16:26:41\",\"notes\":\"Plan updated from pears to oranges.\"},{\"username\":\"bob\",\"currentstate\":\"Open\",\"datetime\":\"03/08/2023, 16:26:44\",\"notes\":\"Plan updated from oranges to bananas.\"},{\"username\":\"bob\",\"currentstate\":\"Open\",\"datetime\":\"03/08/2023, 16:36:47\",\"notes\":\"Task promoted from Open to To Do.\\n\"},{\"username\":\"bob\",\"currentstate\":\"To Do\",\"datetime\":\"08/08/2023, 09:40:05\",\"notes\":\"Task promoted from To Do to Doing.\"},{\"username\":\"bob\",\"currentstate\":\"Doing\",\"datetime\":\"08/08/2023, 09:40:12\",\"notes\":\"Task promoted from Doing to Done.\"},{\"username\":\"bob\",\"currentstate\":\"Done\",\"datetime\":\"08/08/2023, 09:41:20\",\"notes\":\"Task demoted from Done to Doing\"},{\"username\":\"bob\",\"currentstate\":\"Doing\",\"datetime\":\"15/08/2023, 11:05:19\",\"notes\":\"Task promoted from Doing to Done.\\nNotes: GO!\"}]','bananas','abc','Done','bob','bob','2023-07-31'),('avengers_1','Create the A','The A needs to be nice','[{\"username\":\"pl\",\"currentstate\":\"Open\",\"datetime\":\"08/08/2023, 09:46:00\",\"notes\":\"Notes: Help\"},{\"username\":\"pm\",\"currentstate\":\"Open\",\"datetime\":\"08/08/2023, 09:47:30\",\"notes\":\"Plan updated from null to Avengers stage 1.\\nTask promoted from Open to To Do.\"},{\"username\":\"dev1\",\"currentstate\":\"To Do\",\"datetime\":\"08/08/2023, 09:48:02\",\"notes\":\"Notes: I\"},{\"username\":\"dev1\",\"currentstate\":\"To Do\",\"datetime\":\"08/08/2023, 09:48:04\",\"notes\":\"Task promoted from To Do to Doing.\"},{\"username\":\"dev1\",\"currentstate\":\"Doing\",\"datetime\":\"08/08/2023, 09:48:11\",\"notes\":\"Notes: hi\"},{\"username\":\"dev1\",\"currentstate\":\"Doing\",\"datetime\":\"08/08/2023, 09:48:24\",\"notes\":\"Task demoted from Doing to To Do\"},{\"username\":\"dev1\",\"currentstate\":\"To Do\",\"datetime\":\"08/08/2023, 09:48:28\",\"notes\":\"Task promoted from To Do to Doing.\"},{\"username\":\"dev1\",\"currentstate\":\"Doing\",\"datetime\":\"08/08/2023, 09:48:40\",\"notes\":\"Task promoted from Doing to Done.\"},{\"username\":\"pl\",\"currentstate\":\"Done\",\"datetime\":\"08/08/2023, 09:49:28\",\"notes\":\"Notes: The A is nice\"},{\"username\":\"pl\",\"currentstate\":\"Done\",\"datetime\":\"08/08/2023, 09:49:34\",\"notes\":\"Notes: Mount it\"},{\"username\":\"pl\",\"currentstate\":\"Done\",\"datetime\":\"08/08/2023, 09:49:47\",\"notes\":\"Task promoted from Done to Closed.\\nNotes: Hm\"}]','Avengers stage 1','avengers','Closed','pl','pl','2023-08-08'),('avengers_2','I need captain america','He is still frozen','[{\"username\":\"pl\",\"currentstate\":\"Open\",\"datetime\":\"08/08/2023, 09:46:33\",\"notes\":\"Notes: Unfreeze him\"},{\"username\":\"pm\",\"currentstate\":\"Open\",\"datetime\":\"08/08/2023, 09:47:33\",\"notes\":\"Plan updated from null to Avengers stage 1.\\nTask promoted from Open to To Do.\"},{\"username\":\"dev1\",\"currentstate\":\"To Do\",\"datetime\":\"08/08/2023, 09:48:07\",\"notes\":\"Task promoted from To Do to Doing.\"},{\"username\":\"dev1\",\"currentstate\":\"Doing\",\"datetime\":\"08/08/2023, 09:48:47\",\"notes\":\"Task promoted from Doing to Done.\\nNotes: Promoting\"},{\"username\":\"pl\",\"currentstate\":\"Done\",\"datetime\":\"08/08/2023, 09:50:19\",\"notes\":\"Plan Avengers stage 1 removed.\\nTask demoted from Done to Doing\\nNotes: Cant be found moving to a later date\"},{\"username\":\"dev1\",\"currentstate\":\"Doing\",\"datetime\":\"08/08/2023, 09:51:24\",\"notes\":\"Task promoted from Doing to Done.\"},{\"username\":\"pl\",\"currentstate\":\"Done\",\"datetime\":\"08/08/2023, 09:51:36\",\"notes\":\"Plan updated from  to plan just for america.\\nTask demoted from Done to Doing\\nNotes: do it \"}]','plan just for america','avengers','Doing','pl','pl','2023-08-08'),('zoo_10','tiger','4 leg','[{\"username\":\"pm\",\"currentstate\":\"Open\",\"datetime\":\"07/08/2023, 18:13:35\",\"notes\":\"Plan updated from null to sprint 2.\"},{\"username\":\"pm\",\"currentstate\":\"Open\",\"datetime\":\"07/08/2023, 18:13:43\",\"notes\":\"Task promoted from Open to To Do.\"},{\"username\":\"dev1\",\"currentstate\":\"To Do\",\"datetime\":\"08/08/2023, 09:26:24\",\"notes\":\"Task promoted from To Do to Doing.\"},{\"username\":\"dev1\",\"currentstate\":\"Doing\",\"datetime\":\"08/08/2023, 09:26:38\",\"notes\":\"Task demoted from Doing to To Do\"},{\"username\":\"dev1\",\"currentstate\":\"To Do\",\"datetime\":\"08/08/2023, 09:29:27\",\"notes\":\"Task promoted from To Do to Doing.\"},{\"username\":\"dev1\",\"currentstate\":\"Doing\",\"datetime\":\"08/08/2023, 09:29:30\",\"notes\":\"Task promoted from Doing to Done.\"},{\"username\":\"pl\",\"currentstate\":\"Done\",\"datetime\":\"08/08/2023, 09:31:43\",\"notes\":\"Task demoted from Done to Doing\"},{\"username\":\"bob\",\"currentstate\":\"Doing\",\"datetime\":\"08/08/2023, 09:40:31\",\"notes\":\"Task promoted from Doing to Done.\"},{\"username\":\"bob\",\"currentstate\":\"Done\",\"datetime\":\"08/08/2023, 09:40:48\",\"notes\":\"Task demoted from Done to Doing\"},{\"username\":\"bob\",\"currentstate\":\"Doing\",\"datetime\":\"08/08/2023, 10:17:24\",\"notes\":\"Task promoted from Doing to Done.\"},{\"username\":\"bob\",\"currentstate\":\"Done\",\"datetime\":\"08/08/2023, 10:18:37\",\"notes\":\"Plan updated from sprint 2 to sprint 1.\\nTask demoted from Done to Doing\"},{\"username\":\"bob\",\"currentstate\":\"Doing\",\"datetime\":\"14/08/2023, 15:35:38\",\"notes\":\"Task promoted from Doing to Done.\\nNotes: GO!\"}]','sprint 1','zoo','Done','pl','bob','2023-08-07'),('zoo_11','lion','4 leg','[{\"username\":\"pm\",\"currentstate\":\"Open\",\"datetime\":\"07/08/2023, 18:13:45\",\"notes\":\"Task promoted from Open to To Do.\"},{\"username\":\"dev1\",\"currentstate\":\"To Do\",\"datetime\":\"08/08/2023, 09:26:26\",\"notes\":\"Task promoted from To Do to Doing.\"},{\"username\":\"dev1\",\"currentstate\":\"Doing\",\"datetime\":\"08/08/2023, 09:29:34\",\"notes\":\"Task promoted from Doing to Done.\"},{\"username\":\"pl\",\"currentstate\":\"Done\",\"datetime\":\"08/08/2023, 09:31:52\",\"notes\":\"Task demoted from Done to Doing\"},{\"username\":\"bob\",\"currentstate\":\"Doing\",\"datetime\":\"14/08/2023, 15:44:20\",\"notes\":\"Task promoted from Doing to Done.\\nNotes: GO!\"}]',NULL,'zoo','Done','pl','bob','2023-08-07'),('zoo_12','snake','no leg','[{\"username\":\"pm\",\"currentstate\":\"Open\",\"datetime\":\"07/08/2023, 18:14:48\",\"notes\":\"Task promoted from Open to To Do.\\nNotes: some notes \"},{\"username\":\"dev1\",\"currentstate\":\"To Do\",\"datetime\":\"08/08/2023, 09:26:28\",\"notes\":\"Task promoted from To Do to Doing.\"},{\"username\":\"dev1\",\"currentstate\":\"Doing\",\"datetime\":\"08/08/2023, 09:26:54\",\"notes\":\"Task promoted from Doing to Done.\"},{\"username\":\"pl\",\"currentstate\":\"Done\",\"datetime\":\"08/08/2023, 09:32:14\",\"notes\":\"Task demoted from Done to Doing\"}]','sprint 2','zoo','Doing','pl','pl','2023-08-07'),('zoo_9','monkey','2 leged animal','[{\"username\":\"pl\",\"currentstate\":\"Open\",\"datetime\":\"07/08/2023, 18:12:44\",\"notes\":\"Notes: first task to do\"},{\"username\":\"pm\",\"currentstate\":\"Open\",\"datetime\":\"07/08/2023, 18:13:31\",\"notes\":\"Plan updated from null to sprint 1.\"},{\"username\":\"pm\",\"currentstate\":\"Open\",\"datetime\":\"07/08/2023, 18:13:47\",\"notes\":\"Task promoted from Open to To Do.\"},{\"username\":\"dev1\",\"currentstate\":\"To Do\",\"datetime\":\"08/08/2023, 09:25:54\",\"notes\":\"Notes: i will start work on this first\"},{\"username\":\"dev1\",\"currentstate\":\"To Do\",\"datetime\":\"08/08/2023, 09:26:21\",\"notes\":\"Task promoted from To Do to Doing.\"},{\"username\":\"dev1\",\"currentstate\":\"Doing\",\"datetime\":\"08/08/2023, 09:26:51\",\"notes\":\"Task promoted from Doing to Done.\"}]','sprint 1','zoo','Done','pl','dev1','2023-08-07');
/*!40000 ALTER TABLE `task` ENABLE KEYS */;
UNLOCK TABLES;
/*!40103 SET TIME_ZONE=@OLD_TIME_ZONE */;

/*!40101 SET SQL_MODE=@OLD_SQL_MODE */;
/*!40014 SET FOREIGN_KEY_CHECKS=@OLD_FOREIGN_KEY_CHECKS */;
/*!40014 SET UNIQUE_CHECKS=@OLD_UNIQUE_CHECKS */;
/*!40101 SET CHARACTER_SET_CLIENT=@OLD_CHARACTER_SET_CLIENT */;
/*!40101 SET CHARACTER_SET_RESULTS=@OLD_CHARACTER_SET_RESULTS */;
/*!40101 SET COLLATION_CONNECTION=@OLD_COLLATION_CONNECTION */;
/*!40111 SET SQL_NOTES=@OLD_SQL_NOTES */;

-- Dump completed on 2023-09-12  9:15:19
